[
  {
    "Month": "January 2022",
    "Minimum Price": " 38,651.314",
    "Maximum Price": " 56,840.167",
    "Average Price": " 45,472.134",
    "Change": "-9.66 %"
  },
  {
    "Month": "February 2022",
    "Minimum Price": " 38,858.719",
    "Maximum Price": " 57,145.175",
    "Average Price": " 45,716.140",
    "Change": "-9.18 %"
  },
  {
    "Month": "March 2022",
    "Minimum Price": " 39,022.247",
    "Maximum Price": " 57,385.658",
    "Average Price": " 45,908.526",
    "Change": "-8.79 %"
  },
  {
    "Month": "April 2022",
    "Minimum Price": " 39,175.801",
    "Maximum Price": " 57,611.472",
    "Average Price": " 46,089.178",
    "Change": "-8.44 %"
  },
  {
    "Month": "May 2022",
    "Minimum Price": " 39,295.690",
    "Maximum Price": " 57,787.779",
    "Average Price": " 46,230.224",
    "Change": "-8.15 %"
  },
  {
    "Month": "June 2022",
    "Minimum Price": " 39,388.524",
    "Maximum Price": " 57,924.299",
    "Average Price": " 46,339.439",
    "Change": "-7.94 %"
  },
  {
    "Month": "July 2022",
    "Minimum Price": " 39,446.868",
    "Maximum Price": " 58,010.100",
    "Average Price": " 46,408.080",
    "Change": "-7.80 %"
  },
  {
    "Month": "August 2022",
    "Minimum Price": " 39,472.951",
    "Maximum Price": " 58,048.457",
    "Average Price": " 46,438.766",
    "Change": "-7.74 %"
  },
  {
    "Month": "September 2022",
    "Minimum Price": " 39,462.392",
    "Maximum Price": " 58,032.929",
    "Average Price": " 46,426.343",
    "Change": "-7.77 %"
  },
  {
    "Month": "October 2022",
    "Minimum Price": " 39,415.287",
    "Maximum Price": " 57,963.657",
    "Average Price": " 46,370.926",
    "Change": "-7.88 %"
  },
  {
    "Month": "November 2022",
    "Minimum Price": " 39,326.169",
    "Maximum Price": " 57,832.601",
    "Average Price": " 46,266.081",
    "Change": "-8.08 %"
  },
  {
    "Month": "December 2022",
    "Minimum Price": " 39,198.259",
    "Maximum Price": " 57,644.499",
    "Average Price": " 46,115.599",
    "Change": "-8.38 %"
  },
  {
    "Month": "January 2023",
    "Minimum Price": " 39,020.019",
    "Maximum Price": " 57,382.382",
    "Average Price": " 45,905.905",
    "Change": "-8.80 %"
  },
  {
    "Month": "February 2023",
    "Minimum Price": " 38,791.435",
    "Maximum Price": " 57,046.228",
    "Average Price": " 45,636.982",
    "Change": "-9.33 %"
  },
  {
    "Month": "March 2023",
    "Minimum Price": " 38,538.282",
    "Maximum Price": " 56,673.943",
    "Average Price": " 45,339.155",
    "Change": "-9.93 %"
  },
  {
    "Month": "April 2023",
    "Minimum Price": " 38,201.910",
    "Maximum Price": " 56,179.279",
    "Average Price": " 44,943.423",
    "Change": "-10.71 %"
  },
  {
    "Month": "May 2023",
    "Minimum Price": " 37,815.163",
    "Maximum Price": " 55,610.533",
    "Average Price": " 44,488.427",
    "Change": "-11.62 %"
  },
  {
    "Month": "June 2023",
    "Minimum Price": " 37,345.824",
    "Maximum Price": " 54,920.330",
    "Average Price": " 43,936.264",
    "Change": "-12.71 %"
  },
  {
    "Month": "July 2023",
    "Minimum Price": " 36,816.817",
    "Maximum Price": " 54,142.379",
    "Average Price": " 43,313.903",
    "Change": "-13.95 %"
  },
  {
    "Month": "August 2023",
    "Minimum Price": " 36,183.594",
    "Maximum Price": " 53,211.167",
    "Average Price": " 42,568.934",
    "Change": "-15.43 %"
  },
  {
    "Month": "September 2023",
    "Minimum Price": " 35,450.820",
    "Maximum Price": " 52,133.559",
    "Average Price": " 41,706.847",
    "Change": "-17.14 %"
  },
  {
    "Month": "October 2023",
    "Minimum Price": " 34,633.279",
    "Maximum Price": " 50,931.292",
    "Average Price": " 40,745.034",
    "Change": "-19.05 %"
  },
  {
    "Month": "November 2023",
    "Minimum Price": " 33,658.718",
    "Maximum Price": " 49,498.115",
    "Average Price": " 39,598.492",
    "Change": "-21.33 %"
  },
  {
    "Month": "December 2023",
    "Minimum Price": " 32,568.230",
    "Maximum Price": " 47,894.456",
    "Average Price": " 38,315.565",
    "Change": "-23.88 %"
  },
  {
    "Month": "January 2024",
    "Minimum Price": " 31,259.280",
    "Maximum Price": " 45,969.530",
    "Average Price": " 36,775.624",
    "Change": "-26.94 %"
  },
  {
    "Month": "February 2024",
    "Minimum Price": " 29,724.304",
    "Maximum Price": " 43,712.212",
    "Average Price": " 34,969.769",
    "Change": "-30.53 %"
  },
  {
    "Month": "March 2024",
    "Minimum Price": " 29,769.512",
    "Maximum Price": " 43,778.694",
    "Average Price": " 35,022.955",
    "Change": "-30.42 %"
  },
  {
    "Month": "April 2024",
    "Minimum Price": " 31,528.135",
    "Maximum Price": " 46,364.905",
    "Average Price": " 37,091.924",
    "Change": "-26.31 %"
  },
  {
    "Month": "May 2024",
    "Minimum Price": " 33,186.333",
    "Maximum Price": " 48,803.431",
    "Average Price": " 39,042.745",
    "Change": "-22.43 %"
  },
  {
    "Month": "June 2024",
    "Minimum Price": " 34,855.340",
    "Maximum Price": " 51,257.853",
    "Average Price": " 41,006.283",
    "Change": "-18.53 %"
  }
]