[
  {
    "rank": "2200",
    "name": "BEMIL Coin",
    "price": "$0.004067",
    "change": "97.93%",
    "volume": "$1,866,662"
  },
  {
    "rank": "2955",
    "name": "Torekko",
    "price": "$0.005964",
    "change": "95.15%",
    "volume": "$3,887,586"
  },
  {
    "rank": "3840",
    "name": "Mushu Finance",
    "price": "$0.03385",
    "change": "67.49%",
    "volume": "$184,383"
  },
  {
    "rank": "560",
    "name": "Mobius",
    "price": "$0.1083",
    "change": "60.59%",
    "volume": "$5,073,605"
  },
  {
    "rank": "3056",
    "name": "Star Wars Cat",
    "price": "$0.00489",
    "change": "58.69%",
    "volume": "$1,790,012"
  },
  {
    "rank": "4003",
    "name": "AppleSwap",
    "price": "$0.01655",
    "change": "54.00%",
    "volume": "$140,470"
  },
  {
    "rank": "4303",
    "name": "Minimals",
    "price": "$0.00000000571",
    "change": "53.88%",
    "volume": "$83,515"
  },
  {
    "rank": "1066",
    "name": "Stream Protocol",
    "price": "$0.06142",
    "change": "50.89%",
    "volume": "$8,447,274"
  },
  {
    "rank": "2796",
    "name": "Decentralized Eternal Virtual Traveller",
    "price": "$1.80",
    "change": "50.59%",
    "volume": "$45,344,625"
  },
  {
    "rank": "2906",
    "name": "SmarterCoin (SMRTr)",
    "price": "$0.000008223",
    "change": "50.18%",
    "volume": "$4,576,809"
  },
  {
    "rank": "2828",
    "name": "Bomb Money",
    "price": "$2,050.35",
    "change": "50.06%",
    "volume": "$13,809,654"
  },
  {
    "rank": "3805",
    "name": "LimoCoin Swap",
    "price": "$2.03",
    "change": "48.56%",
    "volume": "$202,210"
  },
  {
    "rank": "3960",
    "name": "BitGoo",
    "price": "$0.000001584",
    "change": "41.02%",
    "volume": "$150,803"
  },
  {
    "rank": "4043",
    "name": "Baby Floki Doge",
    "price": "$0.0...01451",
    "change": "39.80%",
    "volume": "$130,188"
  },
  {
    "rank": "3477",
    "name": "Cerberus",
    "price": "$0.02329",
    "change": "39.70%",
    "volume": "$452,489"
  },
  {
    "rank": "1279",
    "name": "Metaverse Dualchain Network Architecture",
    "price": "$0.0002816",
    "change": "39.46%",
    "volume": "$182,806"
  },
  {
    "rank": "4590",
    "name": "Crystal Pro",
    "price": "$0.2216",
    "change": "39.30%",
    "volume": "$53,690"
  },
  {
    "rank": "3707",
    "name": "Pondering Orb",
    "price": "$0.6493",
    "change": "39.11%",
    "volume": "$248,112"
  },
  {
    "rank": "3111",
    "name": "Big Brain Capital DAO",
    "price": "$0.000004196",
    "change": "37.61%",
    "volume": "$1,274,337"
  },
  {
    "rank": "2957",
    "name": "ChargeDeFi Static",
    "price": "$0.9353",
    "change": "37.18%",
    "volume": "$3,098,420"
  },
  {
    "rank": "4250",
    "name": "Metapay",
    "price": "$0.09101",
    "change": "35.87%",
    "volume": "$90,923"
  },
  {
    "rank": "1934",
    "name": "ALL BEST ICO",
    "price": "$0.001412",
    "change": "34.52%",
    "volume": "$146,501"
  },
  {
    "rank": "3923",
    "name": "Plugin",
    "price": "$0.2565",
    "change": "32.45%",
    "volume": "$158,094"
  },
  {
    "rank": "2824",
    "name": "BunnyPark",
    "price": "$0.4004",
    "change": "32.19%",
    "volume": "$14,510,953"
  },
  {
    "rank": "4391",
    "name": "NFT Gallery",
    "price": "$0.000031",
    "change": "31.12%",
    "volume": "$73,825"
  },
  {
    "rank": "3485",
    "name": "BunnyPark Game",
    "price": "$0.08608",
    "change": "31.07%",
    "volume": "$439,208"
  },
  {
    "rank": "3268",
    "name": "MetaFabric",
    "price": "$0.004586",
    "change": "29.75%",
    "volume": "$775,084"
  },
  {
    "rank": "3670",
    "name": "Wolf Game DAO(BSC)",
    "price": "$0.0004222",
    "change": "29.61%",
    "volume": "$266,795"
  },
  {
    "rank": "3631",
    "name": "R U Generous",
    "price": "$74.76",
    "change": "28.53%",
    "volume": "$293,717"
  },
  {
    "rank": "4093",
    "name": "Cross Chain Capital",
    "price": "$0.000001018",
    "change": "27.60%",
    "volume": "$120,484"
  }
]